Arabella,Figg,England,Non-magical,0
Argus,Filch,England,Non-magical,0
Babajide,Akingbade,Uganda,Magical,6
Cho,Chang,England,Magical,9
Colin,Creevey,England,Magical,8
Dougal,McGregor,England,Non-magical,0
Dudley,Dursley,England,Non-magical,0
Fleur,Delacour,France,Magical,5
Gabrielle,Delacour,France,Magical,4
Hermione,Granger,England,Magical,10
Joao,Coelho,Brazil,Magical,6
Katie,Bell,England,Magical,7
Lavender,Brown,England,Magical,8
Libatius,Borage,Brazil,Magical,5
Luc,Millefeuille,France,Magical,3
Millicent,Bulstrode,England,Magical,8
Minaka,Hirakata,Japan,Magical,6
Noriko,Sato,Japan,Magical,5
Parvati,Patil,England,Magical,8
Perenelle,Flamel,France,Magical,5
Petunia,Evans,England,Non-magical,0
Queenie,Goldstein,Massachusetts,Magical,6
Rita,Skeeter,England,Magical,3
Seraphina,Picquery,Massachusetts,Magical,6
Susan,Bones,England,Magical,7
Terry,Boot,England,Magical,9
Viktor,Krum,Bulgaria,Magical,5
Yoshihiro,Suzuki,Japan,Magical,4